National - Regional - LA - OAs,Month,People on Universal Credit,dttm
Haringey,January 2020,13583,2020-01-01
Haringey,February 2020,14495,2020-02-01
Haringey,March 2020,15134,2020-03-01
Haringey,April 2020,20350,2020-04-01
Haringey,May 2020,32128,2020-05-01
Haringey,June 2020,34264,2020-06-01
Haringey,July 2020,35127,2020-07-01
Haringey,August 2020,35752,2020-08-01
Haringey,September 2020,36815,2020-09-01
Haringey,October 2020,37589,2020-10-01
Haringey,November 2020,39033,2020-11-01
Haringey,December 2020,40371,2020-12-01
Haringey,January 2021,40830,2021-01-01
Haringey,February 2021,41627,2021-02-01
Haringey,March 2021,42018,2021-03-01
Haringey,April 2021,42044,2021-04-01
Haringey,May 2021,41846,2021-05-01
Haringey,June 2021,41271,2021-06-01
Haringey,July 2021,40869,2021-07-01
Haringey,August 2021,40651,2021-08-01
Haringey,September 2021,40080,2021-09-01
Haringey,October 2021,39506,2021-10-01
Haringey,November 2021,39029,2021-11-01
Haringey,December 2021,38381,2021-12-01
Haringey,January 2022,37785,2022-01-01
Haringey,February 2022,37621,2022-02-01
Haringey,March 2022,37151,2022-03-01
Haringey,April 2022,36907,2022-04-01
Haringey,May 2022,36685,2022-05-01
Haringey,June 2022,36858,2022-06-01
Haringey,July 2022,36935,2022-07-01
Haringey,August 2022,36834,2022-08-01
Haringey,September 2022,36556,2022-09-01
Haringey,October 2022,36617,2022-10-01
Haringey,November 2022,36629,2022-11-01
Haringey,December 2022,36512,2022-12-01
Haringey,January 2023,36502,2023-01-01
Haringey,February 2023,36785,2023-02-01
Haringey,March 2023,36823,2023-03-01
Haringey,April 2023,37032,2023-04-01
Haringey,May 2023,37265,2023-05-01
Haringey,June 2023,37540,2023-06-01
Haringey,July 2023,37811,2023-07-01
Haringey,August 2023,37928,2023-08-01
Haringey,September 2023,38065,2023-09-01
Haringey,October 2023,38513,2023-10-01
Haringey,November 2023,39157,2023-11-01
Haringey,December 2023,39974,2023-12-01
Islington,January 2020,9989,2020-01-01
Islington,February 2020,10442,2020-02-01
Islington,March 2020,10836,2020-03-01
Islington,April 2020,14362,2020-04-01
Islington,May 2020,20340,2020-05-01
Islington,June 2020,21275,2020-06-01
Islington,July 2020,21809,2020-07-01
Islington,August 2020,22176,2020-08-01
Islington,September 2020,22710,2020-09-01
Islington,October 2020,23155,2020-10-01
Islington,November 2020,23920,2020-11-01
Islington,December 2020,24671,2020-12-01
Islington,January 2021,24831,2021-01-01
Islington,February 2021,25106,2021-02-01
Islington,March 2021,25266,2021-03-01
Islington,April 2021,25347,2021-04-01
Islington,May 2021,25357,2021-05-01
Islington,June 2021,25282,2021-06-01
Islington,July 2021,25118,2021-07-01
Islington,August 2021,24952,2021-08-01
Islington,September 2021,24751,2021-09-01
Islington,October 2021,24471,2021-10-01
Islington,November 2021,24130,2021-11-01
Islington,December 2021,23889,2021-12-01
Islington,January 2022,23617,2022-01-01
Islington,February 2022,23570,2022-02-01
Islington,March 2022,23453,2022-03-01
Islington,April 2022,23554,2022-04-01
Islington,May 2022,23501,2022-05-01
Islington,June 2022,23617,2022-06-01
Islington,July 2022,23781,2022-07-01
Islington,August 2022,23827,2022-08-01
Islington,September 2022,23822,2022-09-01
Islington,October 2022,24005,2022-10-01
Islington,November 2022,24101,2022-11-01
Islington,December 2022,24188,2022-12-01
Islington,January 2023,24194,2023-01-01
Islington,February 2023,24402,2023-02-01
Islington,March 2023,24446,2023-03-01
Islington,April 2023,24690,2023-04-01
Islington,May 2023,24875,2023-05-01
Islington,June 2023,25104,2023-06-01
Islington,July 2023,25350,2023-07-01
Islington,August 2023,25322,2023-08-01
Islington,September 2023,25479,2023-09-01
Islington,October 2023,25809,2023-10-01
Islington,November 2023,26028,2023-11-01
Islington,December 2023,26480,2023-12-01
Kensington and Chelsea,January 2020,4495,2020-01-01
Kensington and Chelsea,February 2020,4683,2020-02-01
Kensington and Chelsea,March 2020,4858,2020-03-01
Kensington and Chelsea,April 2020,6273,2020-04-01
Kensington and Chelsea,May 2020,9009,2020-05-01
Kensington and Chelsea,June 2020,9493,2020-06-01
Kensington and Chelsea,July 2020,9721,2020-07-01
Kensington and Chelsea,August 2020,9929,2020-08-01
Kensington and Chelsea,September 2020,10132,2020-09-01
Kensington and Chelsea,October 2020,10294,2020-10-01
Kensington and Chelsea,November 2020,10679,2020-11-01
Kensington and Chelsea,December 2020,10948,2020-12-01
Kensington and Chelsea,January 2021,11114,2021-01-01
Kensington and Chelsea,February 2021,11260,2021-02-01
Kensington and Chelsea,March 2021,11394,2021-03-01
Kensington and Chelsea,April 2021,11416,2021-04-01
Kensington and Chelsea,May 2021,11475,2021-05-01
Kensington and Chelsea,June 2021,11372,2021-06-01
Kensington and Chelsea,July 2021,11218,2021-07-01
Kensington and Chelsea,August 2021,11064,2021-08-01
Kensington and Chelsea,September 2021,11027,2021-09-01
Kensington and Chelsea,October 2021,11116,2021-10-01
Kensington and Chelsea,November 2021,11114,2021-11-01
Kensington and Chelsea,December 2021,10980,2021-12-01
Kensington and Chelsea,January 2022,10791,2022-01-01
Kensington and Chelsea,February 2022,10668,2022-02-01
Kensington and Chelsea,March 2022,10517,2022-03-01
Kensington and Chelsea,April 2022,10429,2022-04-01
Kensington and Chelsea,May 2022,10386,2022-05-01
Kensington and Chelsea,June 2022,10440,2022-06-01
Kensington and Chelsea,July 2022,10472,2022-07-01
Kensington and Chelsea,August 2022,10501,2022-08-01
Kensington and Chelsea,September 2022,10420,2022-09-01
Kensington and Chelsea,October 2022,10484,2022-10-01
Kensington and Chelsea,November 2022,10512,2022-11-01
Kensington and Chelsea,December 2022,10532,2022-12-01
Kensington and Chelsea,January 2023,10516,2023-01-01
Kensington and Chelsea,February 2023,10516,2023-02-01
Kensington and Chelsea,March 2023,10522,2023-03-01
Kensington and Chelsea,April 2023,10544,2023-04-01
Kensington and Chelsea,May 2023,10591,2023-05-01
Kensington and Chelsea,June 2023,10641,2023-06-01
Kensington and Chelsea,July 2023,10716,2023-07-01
Kensington and Chelsea,August 2023,10720,2023-08-01
Kensington and Chelsea,September 2023,10797,2023-09-01
Kensington and Chelsea,October 2023,10949,2023-10-01
Kensington and Chelsea,November 2023,11083,2023-11-01
Kensington and Chelsea,December 2023,11302,2023-12-01
Lambeth,January 2020,16896,2020-01-01
Lambeth,February 2020,17541,2020-02-01
Lambeth,March 2020,18099,2020-03-01
Lambeth,April 2020,23290,2020-04-01
Lambeth,May 2020,33263,2020-05-01
Lambeth,June 2020,34937,2020-06-01
Lambeth,July 2020,35973,2020-07-01
Lambeth,August 2020,36769,2020-08-01
Lambeth,September 2020,37651,2020-09-01
Lambeth,October 2020,38329,2020-10-01
Lambeth,November 2020,39651,2020-11-01
Lambeth,December 2020,40669,2020-12-01
Lambeth,January 2021,41037,2021-01-01
Lambeth,February 2021,41400,2021-02-01
Lambeth,March 2021,41629,2021-03-01
Lambeth,April 2021,41539,2021-04-01
Lambeth,May 2021,41475,2021-05-01
Lambeth,June 2021,41016,2021-06-01
Lambeth,July 2021,40702,2021-07-01
Lambeth,August 2021,40498,2021-08-01
Lambeth,September 2021,39763,2021-09-01
Lambeth,October 2021,39033,2021-10-01
Lambeth,November 2021,38303,2021-11-01
Lambeth,December 2021,37608,2021-12-01
Lambeth,January 2022,36764,2022-01-01
Lambeth,February 2022,36503,2022-02-01
Lambeth,March 2022,36200,2022-03-01
Lambeth,April 2022,35832,2022-04-01
Lambeth,May 2022,35558,2022-05-01
Lambeth,June 2022,35492,2022-06-01
Lambeth,July 2022,35631,2022-07-01
Lambeth,August 2022,35630,2022-08-01
Lambeth,September 2022,35567,2022-09-01
Lambeth,October 2022,35623,2022-10-01
Lambeth,November 2022,35487,2022-11-01
Lambeth,December 2022,35460,2022-12-01
Lambeth,January 2023,35442,2023-01-01
Lambeth,February 2023,35454,2023-02-01
Lambeth,March 2023,35506,2023-03-01
Lambeth,April 2023,35688,2023-04-01
Lambeth,May 2023,35761,2023-05-01
Lambeth,June 2023,35967,2023-06-01
Lambeth,July 2023,36384,2023-07-01
Lambeth,August 2023,36511,2023-08-01
Lambeth,September 2023,36775,2023-09-01
Lambeth,October 2023,37084,2023-10-01
Lambeth,November 2023,37439,2023-11-01
Lambeth,December 2023,38257,2023-12-01
Lewisham,January 2020,16094,2020-01-01
Lewisham,February 2020,16825,2020-02-01
Lewisham,March 2020,17422,2020-03-01
Lewisham,April 2020,22885,2020-04-01
Lewisham,May 2020,32875,2020-05-01
Lewisham,June 2020,34480,2020-06-01
Lewisham,July 2020,35269,2020-07-01
Lewisham,August 2020,35999,2020-08-01
Lewisham,September 2020,36875,2020-09-01
Lewisham,October 2020,37524,2020-10-01
Lewisham,November 2020,38813,2020-11-01
Lewisham,December 2020,39557,2020-12-01
Lewisham,January 2021,39755,2021-01-01
Lewisham,February 2021,39994,2021-02-01
Lewisham,March 2021,40248,2021-03-01
Lewisham,April 2021,40126,2021-04-01
Lewisham,May 2021,40039,2021-05-01
Lewisham,June 2021,39929,2021-06-01
Lewisham,July 2021,39552,2021-07-01
Lewisham,August 2021,39184,2021-08-01
Lewisham,September 2021,38688,2021-09-01
Lewisham,October 2021,38030,2021-10-01
Lewisham,November 2021,37410,2021-11-01
Lewisham,December 2021,36907,2021-12-01
Lewisham,January 2022,36393,2022-01-01
Lewisham,February 2022,36264,2022-02-01
Lewisham,March 2022,35956,2022-03-01
Lewisham,April 2022,35870,2022-04-01
Lewisham,May 2022,35703,2022-05-01
Lewisham,June 2022,35675,2022-06-01
Lewisham,July 2022,36000,2022-07-01
Lewisham,August 2022,36177,2022-08-01
Lewisham,September 2022,36239,2022-09-01
Lewisham,October 2022,36468,2022-10-01
Lewisham,November 2022,36464,2022-11-01
Lewisham,December 2022,36497,2022-12-01
Lewisham,January 2023,36562,2023-01-01
Lewisham,February 2023,36757,2023-02-01
Lewisham,March 2023,36858,2023-03-01
Lewisham,April 2023,37192,2023-04-01
Lewisham,May 2023,37270,2023-05-01
Lewisham,June 2023,37397,2023-06-01
Lewisham,July 2023,37730,2023-07-01
Lewisham,August 2023,37801,2023-08-01
Lewisham,September 2023,37954,2023-09-01
Lewisham,October 2023,38344,2023-10-01
Lewisham,November 2023,38854,2023-11-01
Lewisham,December 2023,39807,2023-12-01
Newham,January 2020,17906,2020-01-01
Newham,February 2020,19014,2020-02-01
Newham,March 2020,19806,2020-03-01
Newham,April 2020,25744,2020-04-01
Newham,May 2020,41784,2020-05-01
Newham,June 2020,44861,2020-06-01
Newham,July 2020,46098,2020-07-01
Newham,August 2020,46830,2020-08-01
Newham,September 2020,48054,2020-09-01
Newham,October 2020,49147,2020-10-01
Newham,November 2020,51569,2020-11-01
Newham,December 2020,53350,2020-12-01
Newham,January 2021,53802,2021-01-01
Newham,February 2021,54716,2021-02-01
Newham,March 2021,55471,2021-03-01
Newham,April 2021,55632,2021-04-01
Newham,May 2021,55666,2021-05-01
Newham,June 2021,55414,2021-06-01
Newham,July 2021,55282,2021-07-01
Newham,August 2021,55063,2021-08-01
Newham,September 2021,54434,2021-09-01
Newham,October 2021,54027,2021-10-01
Newham,November 2021,53865,2021-11-01
Newham,December 2021,53293,2021-12-01
Newham,January 2022,51762,2022-01-01
Newham,February 2022,51274,2022-02-01
Newham,March 2022,50682,2022-03-01
Newham,April 2022,50532,2022-04-01
Newham,May 2022,50429,2022-05-01
Newham,June 2022,50292,2022-06-01
Newham,July 2022,50280,2022-07-01
Newham,August 2022,50368,2022-08-01
Newham,September 2022,50102,2022-09-01
Newham,October 2022,50414,2022-10-01
Newham,November 2022,50553,2022-11-01
Newham,December 2022,50600,2022-12-01
Newham,January 2023,50485,2023-01-01
Newham,February 2023,50599,2023-02-01
Newham,March 2023,50607,2023-03-01
Newham,April 2023,50714,2023-04-01
Newham,May 2023,50660,2023-05-01
Newham,June 2023,50890,2023-06-01
Newham,July 2023,51260,2023-07-01
Newham,August 2023,51583,2023-08-01
Newham,September 2023,52301,2023-09-01
Newham,October 2023,52562,2023-10-01
Newham,November 2023,53109,2023-11-01
Newham,December 2023,54425,2023-12-01
Southwark,January 2020,21265,2020-01-01
Southwark,February 2020,21870,2020-02-01
Southwark,March 2020,22247,2020-03-01
Southwark,April 2020,28303,2020-04-01
Southwark,May 2020,36465,2020-05-01
Southwark,June 2020,38023,2020-06-01
Southwark,July 2020,38978,2020-07-01
Southwark,August 2020,39566,2020-08-01
Southwark,September 2020,40656,2020-09-01
Southwark,October 2020,41172,2020-10-01
Southwark,November 2020,42303,2020-11-01
Southwark,December 2020,43000,2020-12-01
Southwark,January 2021,43243,2021-01-01
Southwark,February 2021,43587,2021-02-01
Southwark,March 2021,43787,2021-03-01
Southwark,April 2021,43669,2021-04-01
Southwark,May 2021,43359,2021-05-01
Southwark,June 2021,42781,2021-06-01
Southwark,July 2021,42330,2021-07-01
Southwark,August 2021,41915,2021-08-01
Southwark,September 2021,41369,2021-09-01
Southwark,October 2021,40681,2021-10-01
Southwark,November 2021,40096,2021-11-01
Southwark,December 2021,39469,2021-12-01
Southwark,January 2022,38653,2022-01-01
Southwark,February 2022,38219,2022-02-01
Southwark,March 2022,37759,2022-03-01
Southwark,April 2022,37526,2022-04-01
Southwark,May 2022,37317,2022-05-01
Southwark,June 2022,37115,2022-06-01
Southwark,July 2022,36971,2022-07-01
Southwark,August 2022,37019,2022-08-01
Southwark,September 2022,37071,2022-09-01
Southwark,October 2022,37210,2022-10-01
Southwark,November 2022,37211,2022-11-01
Southwark,December 2022,37183,2022-12-01
Southwark,January 2023,37112,2023-01-01
Southwark,February 2023,37187,2023-02-01
Southwark,March 2023,37146,2023-03-01
Southwark,April 2023,37178,2023-04-01
Southwark,May 2023,37312,2023-05-01
Southwark,June 2023,37425,2023-06-01
Southwark,July 2023,37524,2023-07-01
Southwark,August 2023,37607,2023-08-01
Southwark,September 2023,37867,2023-09-01
Southwark,October 2023,38214,2023-10-01
Southwark,November 2023,38542,2023-11-01
Southwark,December 2023,39546,2023-12-01
Tower Hamlets,January 2020,19120,2020-01-01
Tower Hamlets,February 2020,19806,2020-02-01
Tower Hamlets,March 2020,20244,2020-03-01
Tower Hamlets,April 2020,27737,2020-04-01
Tower Hamlets,May 2020,35786,2020-05-01
Tower Hamlets,June 2020,37323,2020-06-01
Tower Hamlets,July 2020,38500,2020-07-01
Tower Hamlets,August 2020,39305,2020-08-01
Tower Hamlets,September 2020,40253,2020-09-01
Tower Hamlets,October 2020,41170,2020-10-01
Tower Hamlets,November 2020,43002,2020-11-01
Tower Hamlets,December 2020,43973,2020-12-01
Tower Hamlets,January 2021,44711,2021-01-01
Tower Hamlets,February 2021,45184,2021-02-01
Tower Hamlets,March 2021,45760,2021-03-01
Tower Hamlets,April 2021,46000,2021-04-01
Tower Hamlets,May 2021,46251,2021-05-01
Tower Hamlets,June 2021,46596,2021-06-01
Tower Hamlets,July 2021,46831,2021-07-01
Tower Hamlets,August 2021,46811,2021-08-01
Tower Hamlets,September 2021,46129,2021-09-01
Tower Hamlets,October 2021,45582,2021-10-01
Tower Hamlets,November 2021,44988,2021-11-01
Tower Hamlets,December 2021,44352,2021-12-01
Tower Hamlets,January 2022,43702,2022-01-01
Tower Hamlets,February 2022,43501,2022-02-01
Tower Hamlets,March 2022,43057,2022-03-01
Tower Hamlets,April 2022,43031,2022-04-01
Tower Hamlets,May 2022,42890,2022-05-01
Tower Hamlets,June 2022,42773,2022-06-01
Tower Hamlets,July 2022,43082,2022-07-01
Tower Hamlets,August 2022,43239,2022-08-01
Tower Hamlets,September 2022,43261,2022-09-01
Tower Hamlets,October 2022,43602,2022-10-01
Tower Hamlets,November 2022,43707,2022-11-01
Tower Hamlets,December 2022,43744,2022-12-01
Tower Hamlets,January 2023,43629,2023-01-01
Tower Hamlets,February 2023,43788,2023-02-01
Tower Hamlets,March 2023,43723,2023-03-01
Tower Hamlets,April 2023,43878,2023-04-01
Tower Hamlets,May 2023,44123,2023-05-01
Tower Hamlets,June 2023,44472,2023-06-01
Tower Hamlets,July 2023,44836,2023-07-01
Tower Hamlets,August 2023,45185,2023-08-01
Tower Hamlets,September 2023,45531,2023-09-01
Tower Hamlets,October 2023,45811,2023-10-01
Tower Hamlets,November 2023,46268,2023-11-01
Tower Hamlets,December 2023,47387,2023-12-01
Wandsworth,January 2020,9305,2020-01-01
Wandsworth,February 2020,9840,2020-02-01
Wandsworth,March 2020,10228,2020-03-01
Wandsworth,April 2020,13697,2020-04-01
Wandsworth,May 2020,21620,2020-05-01
Wandsworth,June 2020,22895,2020-06-01
Wandsworth,July 2020,23615,2020-07-01
Wandsworth,August 2020,24114,2020-08-01
Wandsworth,September 2020,24734,2020-09-01
Wandsworth,October 2020,25234,2020-10-01
Wandsworth,November 2020,26239,2020-11-01
Wandsworth,December 2020,27099,2020-12-01
Wandsworth,January 2021,27314,2021-01-01
Wandsworth,February 2021,27558,2021-02-01
Wandsworth,March 2021,27682,2021-03-01
Wandsworth,April 2021,27425,2021-04-01
Wandsworth,May 2021,27337,2021-05-01
Wandsworth,June 2021,26992,2021-06-01
Wandsworth,July 2021,26624,2021-07-01
Wandsworth,August 2021,26407,2021-08-01
Wandsworth,September 2021,25980,2021-09-01
Wandsworth,October 2021,25582,2021-10-01
Wandsworth,November 2021,25004,2021-11-01
Wandsworth,December 2021,24584,2021-12-01
Wandsworth,January 2022,24164,2022-01-01
Wandsworth,February 2022,24047,2022-02-01
Wandsworth,March 2022,23705,2022-03-01
Wandsworth,April 2022,23444,2022-04-01
Wandsworth,May 2022,23292,2022-05-01
Wandsworth,June 2022,23322,2022-06-01
Wandsworth,July 2022,23435,2022-07-01
Wandsworth,August 2022,23544,2022-08-01
Wandsworth,September 2022,23577,2022-09-01
Wandsworth,October 2022,23691,2022-10-01
Wandsworth,November 2022,23689,2022-11-01
Wandsworth,December 2022,23749,2022-12-01
Wandsworth,January 2023,23730,2023-01-01
Wandsworth,February 2023,23827,2023-02-01
Wandsworth,March 2023,23859,2023-03-01
Wandsworth,April 2023,24129,2023-04-01
Wandsworth,May 2023,24279,2023-05-01
Wandsworth,June 2023,24320,2023-06-01
Wandsworth,July 2023,24491,2023-07-01
Wandsworth,August 2023,24625,2023-08-01
Wandsworth,September 2023,24845,2023-09-01
Wandsworth,October 2023,25100,2023-10-01
Wandsworth,November 2023,25436,2023-11-01
Wandsworth,December 2023,25905,2023-12-01
Westminster,January 2020,6868,2020-01-01
Westminster,February 2020,7011,2020-02-01
Westminster,March 2020,7293,2020-03-01
Westminster,April 2020,9806,2020-04-01
Westminster,May 2020,14515,2020-05-01
Westminster,June 2020,15335,2020-06-01
Westminster,July 2020,15889,2020-07-01
Westminster,August 2020,16223,2020-08-01
Westminster,September 2020,16737,2020-09-01
Westminster,October 2020,17063,2020-10-01
Westminster,November 2020,17821,2020-11-01
Westminster,December 2020,18480,2020-12-01
Westminster,January 2021,18801,2021-01-01
Westminster,February 2021,19249,2021-02-01
Westminster,March 2021,19516,2021-03-01
Westminster,April 2021,19626,2021-04-01
Westminster,May 2021,19723,2021-05-01
Westminster,June 2021,19705,2021-06-01
Westminster,July 2021,19724,2021-07-01
Westminster,August 2021,19565,2021-08-01
Westminster,September 2021,19330,2021-09-01
Westminster,October 2021,19147,2021-10-01
Westminster,November 2021,19249,2021-11-01
Westminster,December 2021,19055,2021-12-01
Westminster,January 2022,18721,2022-01-01
Westminster,February 2022,18660,2022-02-01
Westminster,March 2022,18500,2022-03-01
Westminster,April 2022,18382,2022-04-01
Westminster,May 2022,18393,2022-05-01
Westminster,June 2022,18444,2022-06-01
Westminster,July 2022,18494,2022-07-01
Westminster,August 2022,18534,2022-08-01
Westminster,September 2022,18522,2022-09-01
Westminster,October 2022,18628,2022-10-01
Westminster,November 2022,18597,2022-11-01
Westminster,December 2022,18618,2022-12-01
Westminster,January 2023,18646,2023-01-01
Westminster,February 2023,18763,2023-02-01
Westminster,March 2023,18781,2023-03-01
Westminster,April 2023,18906,2023-04-01
Westminster,May 2023,18954,2023-05-01
Westminster,June 2023,18988,2023-06-01
Westminster,July 2023,19100,2023-07-01
Westminster,August 2023,19187,2023-08-01
Westminster,September 2023,19252,2023-09-01
Westminster,October 2023,19475,2023-10-01
Westminster,November 2023,19687,2023-11-01
Westminster,December 2023,20123,2023-12-01
Barking and Dagenham,January 2020,13121,2020-01-01
Barking and Dagenham,February 2020,13913,2020-02-01
Barking and Dagenham,March 2020,14544,2020-03-01
Barking and Dagenham,April 2020,18077,2020-04-01
Barking and Dagenham,May 2020,26405,2020-05-01
Barking and Dagenham,June 2020,27866,2020-06-01
Barking and Dagenham,July 2020,28620,2020-07-01
Barking and Dagenham,August 2020,28966,2020-08-01
Barking and Dagenham,September 2020,29405,2020-09-01
Barking and Dagenham,October 2020,30054,2020-10-01
Barking and Dagenham,November 2020,31279,2020-11-01
Barking and Dagenham,December 2020,32019,2020-12-01
Barking and Dagenham,January 2021,32206,2021-01-01
Barking and Dagenham,February 2021,32517,2021-02-01
Barking and Dagenham,March 2021,32681,2021-03-01
Barking and Dagenham,April 2021,32691,2021-04-01
Barking and Dagenham,May 2021,32730,2021-05-01
Barking and Dagenham,June 2021,32441,2021-06-01
Barking and Dagenham,July 2021,32255,2021-07-01
Barking and Dagenham,August 2021,32005,2021-08-01
Barking and Dagenham,September 2021,31575,2021-09-01
Barking and Dagenham,October 2021,31336,2021-10-01
Barking and Dagenham,November 2021,31128,2021-11-01
Barking and Dagenham,December 2021,30989,2021-12-01
Barking and Dagenham,January 2022,30469,2022-01-01
Barking and Dagenham,February 2022,30196,2022-02-01
Barking and Dagenham,March 2022,29820,2022-03-01
Barking and Dagenham,April 2022,29698,2022-04-01
Barking and Dagenham,May 2022,29595,2022-05-01
Barking and Dagenham,June 2022,29573,2022-06-01
Barking and Dagenham,July 2022,29698,2022-07-01
Barking and Dagenham,August 2022,29672,2022-08-01
Barking and Dagenham,September 2022,29861,2022-09-01
Barking and Dagenham,October 2022,30276,2022-10-01
Barking and Dagenham,November 2022,30449,2022-11-01
Barking and Dagenham,December 2022,30468,2022-12-01
Barking and Dagenham,January 2023,30542,2023-01-01
Barking and Dagenham,February 2023,30676,2023-02-01
Barking and Dagenham,March 2023,30785,2023-03-01
Barking and Dagenham,April 2023,30975,2023-04-01
Barking and Dagenham,May 2023,31197,2023-05-01
Barking and Dagenham,June 2023,31471,2023-06-01
Barking and Dagenham,July 2023,31959,2023-07-01
Barking and Dagenham,August 2023,32309,2023-08-01
Barking and Dagenham,September 2023,32816,2023-09-01
Barking and Dagenham,October 2023,33158,2023-10-01
Barking and Dagenham,November 2023,33495,2023-11-01
Barking and Dagenham,December 2023,34093,2023-12-01
Barnet,January 2020,14484,2020-01-01
Barnet,February 2020,15144,2020-02-01
Barnet,March 2020,15817,2020-03-01
Barnet,April 2020,20594,2020-04-01
Barnet,May 2020,31483,2020-05-01
Barnet,June 2020,33394,2020-06-01
Barnet,July 2020,34142,2020-07-01
Barnet,August 2020,34661,2020-08-01
Barnet,September 2020,35386,2020-09-01
Barnet,October 2020,35811,2020-10-01
Barnet,November 2020,36761,2020-11-01
Barnet,December 2020,37527,2020-12-01
Barnet,January 2021,37811,2021-01-01
Barnet,February 2021,38204,2021-02-01
Barnet,March 2021,38280,2021-03-01
Barnet,April 2021,38481,2021-04-01
Barnet,May 2021,38345,2021-05-01
Barnet,June 2021,37970,2021-06-01
Barnet,July 2021,37623,2021-07-01
Barnet,August 2021,37561,2021-08-01
Barnet,September 2021,37199,2021-09-01
Barnet,October 2021,36956,2021-10-01
Barnet,November 2021,36658,2021-11-01
Barnet,December 2021,36142,2021-12-01
Barnet,January 2022,35798,2022-01-01
Barnet,February 2022,35617,2022-02-01
Barnet,March 2022,35417,2022-03-01
Barnet,April 2022,35313,2022-04-01
Barnet,May 2022,35321,2022-05-01
Barnet,June 2022,35519,2022-06-01
Barnet,July 2022,35749,2022-07-01
Barnet,August 2022,35840,2022-08-01
Barnet,September 2022,35927,2022-09-01
Barnet,October 2022,36246,2022-10-01
Barnet,November 2022,36459,2022-11-01
Barnet,December 2022,36534,2022-12-01
Barnet,January 2023,36531,2023-01-01
Barnet,February 2023,36751,2023-02-01
Barnet,March 2023,36853,2023-03-01
Barnet,April 2023,37067,2023-04-01
Barnet,May 2023,37318,2023-05-01
Barnet,June 2023,37572,2023-06-01
Barnet,July 2023,37911,2023-07-01
Barnet,August 2023,38051,2023-08-01
Barnet,September 2023,38181,2023-09-01
Barnet,October 2023,38668,2023-10-01
Barnet,November 2023,39157,2023-11-01
Barnet,December 2023,39845,2023-12-01
Bexley,January 2020,7174,2020-01-01
Bexley,February 2020,7726,2020-02-01
Bexley,March 2020,8037,2020-03-01
Bexley,April 2020,12282,2020-04-01
Bexley,May 2020,17062,2020-05-01
Bexley,June 2020,17571,2020-06-01
Bexley,July 2020,17774,2020-07-01
Bexley,August 2020,17859,2020-08-01
Bexley,September 2020,18170,2020-09-01
Bexley,October 2020,18183,2020-10-01
Bexley,November 2020,18541,2020-11-01
Bexley,December 2020,18819,2020-12-01
Bexley,January 2021,19002,2021-01-01
Bexley,February 2021,19243,2021-02-01
Bexley,March 2021,19264,2021-03-01
Bexley,April 2021,19281,2021-04-01
Bexley,May 2021,19184,2021-05-01
Bexley,June 2021,18994,2021-06-01
Bexley,July 2021,18818,2021-07-01
Bexley,August 2021,18576,2021-08-01
Bexley,September 2021,18257,2021-09-01
Bexley,October 2021,17969,2021-10-01
Bexley,November 2021,17755,2021-11-01
Bexley,December 2021,17555,2021-12-01
Bexley,January 2022,17315,2022-01-01
Bexley,February 2022,17254,2022-02-01
Bexley,March 2022,17104,2022-03-01
Bexley,April 2022,17108,2022-04-01
Bexley,May 2022,17150,2022-05-01
Bexley,June 2022,17237,2022-06-01
Bexley,July 2022,17508,2022-07-01
Bexley,August 2022,17604,2022-08-01
Bexley,September 2022,17659,2022-09-01
Bexley,October 2022,17813,2022-10-01
Bexley,November 2022,17871,2022-11-01
Bexley,December 2022,17871,2022-12-01
Bexley,January 2023,17898,2023-01-01
Bexley,February 2023,17881,2023-02-01
Bexley,March 2023,17902,2023-03-01
Bexley,April 2023,18165,2023-04-01
Bexley,May 2023,18304,2023-05-01
Bexley,June 2023,18442,2023-06-01
Bexley,July 2023,18649,2023-07-01
Bexley,August 2023,18744,2023-08-01
Bexley,September 2023,18926,2023-09-01
Bexley,October 2023,19232,2023-10-01
Bexley,November 2023,19543,2023-11-01
Bexley,December 2023,20077,2023-12-01
Brent,January 2020,13989,2020-01-01
Brent,February 2020,14996,2020-02-01
Brent,March 2020,15691,2020-03-01
Brent,April 2020,20653,2020-04-01
Brent,May 2020,33717,2020-05-01
Brent,June 2020,36806,2020-06-01
Brent,July 2020,37976,2020-07-01
Brent,August 2020,38671,2020-08-01
Brent,September 2020,39919,2020-09-01
Brent,October 2020,40988,2020-10-01
Brent,November 2020,42590,2020-11-01
Brent,December 2020,43700,2020-12-01
Brent,January 2021,44373,2021-01-01
Brent,February 2021,45484,2021-02-01
Brent,March 2021,46058,2021-03-01
Brent,April 2021,46170,2021-04-01
Brent,May 2021,46010,2021-05-01
Brent,June 2021,45591,2021-06-01
Brent,July 2021,45133,2021-07-01
Brent,August 2021,44827,2021-08-01
Brent,September 2021,44332,2021-09-01
Brent,October 2021,44133,2021-10-01
Brent,November 2021,43770,2021-11-01
Brent,December 2021,43240,2021-12-01
Brent,January 2022,42930,2022-01-01
Brent,February 2022,42738,2022-02-01
Brent,March 2022,42619,2022-03-01
Brent,April 2022,42631,2022-04-01
Brent,May 2022,42623,2022-05-01
Brent,June 2022,42586,2022-06-01
Brent,July 2022,42876,2022-07-01
Brent,August 2022,42835,2022-08-01
Brent,September 2022,42915,2022-09-01
Brent,October 2022,43420,2022-10-01
Brent,November 2022,43716,2022-11-01
Brent,December 2022,44068,2022-12-01
Brent,January 2023,44077,2023-01-01
Brent,February 2023,44449,2023-02-01
Brent,March 2023,44546,2023-03-01
Brent,April 2023,44956,2023-04-01
Brent,May 2023,45144,2023-05-01
Brent,June 2023,45721,2023-06-01
Brent,July 2023,46128,2023-07-01
Brent,August 2023,46359,2023-08-01
Brent,September 2023,46450,2023-09-01
Brent,October 2023,46884,2023-10-01
Brent,November 2023,47306,2023-11-01
Brent,December 2023,48471,2023-12-01
Bromley,January 2020,8561,2020-01-01
Bromley,February 2020,9058,2020-02-01
Bromley,March 2020,9386,2020-03-01
Bromley,April 2020,13059,2020-04-01
Bromley,May 2020,20120,2020-05-01
Bromley,June 2020,20830,2020-06-01
Bromley,July 2020,21220,2020-07-01
Bromley,August 2020,21215,2020-08-01
Bromley,September 2020,21599,2020-09-01
Bromley,October 2020,21798,2020-10-01
Bromley,November 2020,22598,2020-11-01
Bromley,December 2020,23005,2020-12-01
Bromley,January 2021,23031,2021-01-01
Bromley,February 2021,22956,2021-02-01
Bromley,March 2021,23075,2021-03-01
Bromley,April 2021,22888,2021-04-01
Bromley,May 2021,22687,2021-05-01
Bromley,June 2021,22307,2021-06-01
Bromley,July 2021,21817,2021-07-01
Bromley,August 2021,21510,2021-08-01
Bromley,September 2021,21218,2021-09-01
Bromley,October 2021,20964,2021-10-01
Bromley,November 2021,20552,2021-11-01
Bromley,December 2021,20196,2021-12-01
Bromley,January 2022,19911,2022-01-01
Bromley,February 2022,19856,2022-02-01
Bromley,March 2022,19560,2022-03-01
Bromley,April 2022,19515,2022-04-01
Bromley,May 2022,19452,2022-05-01
Bromley,June 2022,19496,2022-06-01
Bromley,July 2022,19720,2022-07-01
Bromley,August 2022,19860,2022-08-01
Bromley,September 2022,19927,2022-09-01
Bromley,October 2022,20147,2022-10-01
Bromley,November 2022,20234,2022-11-01
Bromley,December 2022,20403,2022-12-01
Bromley,January 2023,20436,2023-01-01
Bromley,February 2023,20544,2023-02-01
Bromley,March 2023,20624,2023-03-01
Bromley,April 2023,20787,2023-04-01
Bromley,May 2023,20890,2023-05-01
Bromley,June 2023,21063,2023-06-01
Bromley,July 2023,21298,2023-07-01
Bromley,August 2023,21412,2023-08-01
Bromley,September 2023,21652,2023-09-01
Bromley,October 2023,21871,2023-10-01
Bromley,November 2023,22136,2023-11-01
Bromley,December 2023,22811,2023-12-01
Croydon,January 2020,28928,2020-01-01
Croydon,February 2020,29821,2020-02-01
Croydon,March 2020,30352,2020-03-01
Croydon,April 2020,38070,2020-04-01
Croydon,May 2020,46399,2020-05-01
Croydon,June 2020,48176,2020-06-01
Croydon,July 2020,48832,2020-07-01
Croydon,August 2020,49815,2020-08-01
Croydon,September 2020,50615,2020-09-01
Croydon,October 2020,50955,2020-10-01
Croydon,November 2020,52078,2020-11-01
Croydon,December 2020,52691,2020-12-01
Croydon,January 2021,52876,2021-01-01
Croydon,February 2021,52847,2021-02-01
Croydon,March 2021,53001,2021-03-01
Croydon,April 2021,52870,2021-04-01
Croydon,May 2021,52692,2021-05-01
Croydon,June 2021,52475,2021-06-01
Croydon,July 2021,52130,2021-07-01
Croydon,August 2021,51729,2021-08-01
Croydon,September 2021,51055,2021-09-01
Croydon,October 2021,50548,2021-10-01
Croydon,November 2021,49938,2021-11-01
Croydon,December 2021,49285,2021-12-01
Croydon,January 2022,48579,2022-01-01
Croydon,February 2022,48397,2022-02-01
Croydon,March 2022,47959,2022-03-01
Croydon,April 2022,47792,2022-04-01
Croydon,May 2022,47591,2022-05-01
Croydon,June 2022,47535,2022-06-01
Croydon,July 2022,47780,2022-07-01
Croydon,August 2022,47947,2022-08-01
Croydon,September 2022,48009,2022-09-01
Croydon,October 2022,48149,2022-10-01
Croydon,November 2022,48316,2022-11-01
Croydon,December 2022,48279,2022-12-01
Croydon,January 2023,48373,2023-01-01
Croydon,February 2023,48489,2023-02-01
Croydon,March 2023,48464,2023-03-01
Croydon,April 2023,48794,2023-04-01
Croydon,May 2023,49158,2023-05-01
Croydon,June 2023,49447,2023-06-01
Croydon,July 2023,49775,2023-07-01
Croydon,August 2023,49871,2023-08-01
Croydon,September 2023,50135,2023-09-01
Croydon,October 2023,50528,2023-10-01
Croydon,November 2023,50937,2023-11-01
Croydon,December 2023,51860,2023-12-01
Ealing,January 2020,17017,2020-01-01
Ealing,February 2020,17825,2020-02-01
Ealing,March 2020,18429,2020-03-01
Ealing,April 2020,23485,2020-04-01
Ealing,May 2020,35511,2020-05-01
Ealing,June 2020,38073,2020-06-01
Ealing,July 2020,39169,2020-07-01
Ealing,August 2020,39824,2020-08-01
Ealing,September 2020,40747,2020-09-01
Ealing,October 2020,41498,2020-10-01
Ealing,November 2020,42980,2020-11-01
Ealing,December 2020,43811,2020-12-01
Ealing,January 2021,44210,2021-01-01
Ealing,February 2021,44825,2021-02-01
Ealing,March 2021,45123,2021-03-01
Ealing,April 2021,45137,2021-04-01
Ealing,May 2021,45122,2021-05-01
Ealing,June 2021,45008,2021-06-01
Ealing,July 2021,45042,2021-07-01
Ealing,August 2021,44791,2021-08-01
Ealing,September 2021,44259,2021-09-01
Ealing,October 2021,43894,2021-10-01
Ealing,November 2021,43592,2021-11-01
Ealing,December 2021,42699,2021-12-01
Ealing,January 2022,42079,2022-01-01
Ealing,February 2022,41985,2022-02-01
Ealing,March 2022,41635,2022-03-01
Ealing,April 2022,41709,2022-04-01
Ealing,May 2022,41592,2022-05-01
Ealing,June 2022,41818,2022-06-01
Ealing,July 2022,41972,2022-07-01
Ealing,August 2022,42222,2022-08-01
Ealing,September 2022,42439,2022-09-01
Ealing,October 2022,42567,2022-10-01
Ealing,November 2022,42704,2022-11-01
Ealing,December 2022,42872,2022-12-01
Ealing,January 2023,42888,2023-01-01
Ealing,February 2023,43187,2023-02-01
Ealing,March 2023,43358,2023-03-01
Ealing,April 2023,43775,2023-04-01
Ealing,May 2023,43979,2023-05-01
Ealing,June 2023,44353,2023-06-01
Ealing,July 2023,44709,2023-07-01
Ealing,August 2023,44963,2023-08-01
Ealing,September 2023,45112,2023-09-01
Ealing,October 2023,45657,2023-10-01
Ealing,November 2023,46395,2023-11-01
Ealing,December 2023,47244,2023-12-01
Enfield,January 2020,20291,2020-01-01
Enfield,February 2020,21297,2020-02-01
Enfield,March 2020,22025,2020-03-01
Enfield,April 2020,28459,2020-04-01
Enfield,May 2020,37421,2020-05-01
Enfield,June 2020,39567,2020-06-01
Enfield,July 2020,40425,2020-07-01
Enfield,August 2020,40889,2020-08-01
Enfield,September 2020,41649,2020-09-01
Enfield,October 2020,42425,2020-10-01
Enfield,November 2020,43765,2020-11-01
Enfield,December 2020,44815,2020-12-01
Enfield,January 2021,45259,2021-01-01
Enfield,February 2021,46198,2021-02-01
Enfield,March 2021,46476,2021-03-01
Enfield,April 2021,46517,2021-04-01
Enfield,May 2021,46219,2021-05-01
Enfield,June 2021,45621,2021-06-01
Enfield,July 2021,45280,2021-07-01
Enfield,August 2021,44802,2021-08-01
Enfield,September 2021,44356,2021-09-01
Enfield,October 2021,44321,2021-10-01
Enfield,November 2021,43929,2021-11-01
Enfield,December 2021,43673,2021-12-01
Enfield,January 2022,43323,2022-01-01
Enfield,February 2022,43246,2022-02-01
Enfield,March 2022,42988,2022-03-01
Enfield,April 2022,43257,2022-04-01
Enfield,May 2022,43306,2022-05-01
Enfield,June 2022,43595,2022-06-01
Enfield,July 2022,43808,2022-07-01
Enfield,August 2022,43677,2022-08-01
Enfield,September 2022,43531,2022-09-01
Enfield,October 2022,43603,2022-10-01
Enfield,November 2022,43660,2022-11-01
Enfield,December 2022,43512,2022-12-01
Enfield,January 2023,43482,2023-01-01
Enfield,February 2023,43835,2023-02-01
Enfield,March 2023,44006,2023-03-01
Enfield,April 2023,44243,2023-04-01
Enfield,May 2023,44677,2023-05-01
Enfield,June 2023,44857,2023-06-01
Enfield,July 2023,45161,2023-07-01
Enfield,August 2023,45252,2023-08-01
Enfield,September 2023,45646,2023-09-01
Enfield,October 2023,46515,2023-10-01
Enfield,November 2023,47174,2023-11-01
Enfield,December 2023,48108,2023-12-01
Greenwich,January 2020,11788,2020-01-01
Greenwich,February 2020,12567,2020-02-01
Greenwich,March 2020,13121,2020-03-01
Greenwich,April 2020,18195,2020-04-01
Greenwich,May 2020,26318,2020-05-01
Greenwich,June 2020,27909,2020-06-01
Greenwich,July 2020,28677,2020-07-01
Greenwich,August 2020,29392,2020-08-01
Greenwich,September 2020,30088,2020-09-01
Greenwich,October 2020,30369,2020-10-01
Greenwich,November 2020,31338,2020-11-01
Greenwich,December 2020,32263,2020-12-01
Greenwich,January 2021,32465,2021-01-01
Greenwich,February 2021,32749,2021-02-01
Greenwich,March 2021,32922,2021-03-01
Greenwich,April 2021,32876,2021-04-01
Greenwich,May 2021,32850,2021-05-01
Greenwich,June 2021,32842,2021-06-01
Greenwich,July 2021,32685,2021-07-01
Greenwich,August 2021,32645,2021-08-01
Greenwich,September 2021,32276,2021-09-01
Greenwich,October 2021,31830,2021-10-01
Greenwich,November 2021,31492,2021-11-01
Greenwich,December 2021,30864,2021-12-01
Greenwich,January 2022,30332,2022-01-01
Greenwich,February 2022,30162,2022-02-01
Greenwich,March 2022,29905,2022-03-01
Greenwich,April 2022,29970,2022-04-01
Greenwich,May 2022,29867,2022-05-01
Greenwich,June 2022,29935,2022-06-01
Greenwich,July 2022,30157,2022-07-01
Greenwich,August 2022,30382,2022-08-01
Greenwich,September 2022,30587,2022-09-01
Greenwich,October 2022,30811,2022-10-01
Greenwich,November 2022,30939,2022-11-01
Greenwich,December 2022,30889,2022-12-01
Greenwich,January 2023,30838,2023-01-01
Greenwich,February 2023,30977,2023-02-01
Greenwich,March 2023,31035,2023-03-01
Greenwich,April 2023,31217,2023-04-01
Greenwich,May 2023,31491,2023-05-01
Greenwich,June 2023,31708,2023-06-01
Greenwich,July 2023,31988,2023-07-01
Greenwich,August 2023,32206,2023-08-01
Greenwich,September 2023,32470,2023-09-01
Greenwich,October 2023,32906,2023-10-01
Greenwich,November 2023,33097,2023-11-01
Greenwich,December 2023,33966,2023-12-01
Harrow,January 2020,7946,2020-01-01
Harrow,February 2020,8516,2020-02-01
Harrow,March 2020,8822,2020-03-01
Harrow,April 2020,11562,2020-04-01
Harrow,May 2020,18901,2020-05-01
Harrow,June 2020,20606,2020-06-01
Harrow,July 2020,20857,2020-07-01
Harrow,August 2020,21072,2020-08-01
Harrow,September 2020,21493,2020-09-01
Harrow,October 2020,21981,2020-10-01
Harrow,November 2020,22580,2020-11-01
Harrow,December 2020,22992,2020-12-01
Harrow,January 2021,23241,2021-01-01
Harrow,February 2021,23562,2021-02-01
Harrow,March 2021,23683,2021-03-01
Harrow,April 2021,23630,2021-04-01
Harrow,May 2021,23484,2021-05-01
Harrow,June 2021,23256,2021-06-01
Harrow,July 2021,23219,2021-07-01
Harrow,August 2021,23051,2021-08-01
Harrow,September 2021,22661,2021-09-01
Harrow,October 2021,22402,2021-10-01
Harrow,November 2021,22201,2021-11-01
Harrow,December 2021,21947,2021-12-01
Harrow,January 2022,21659,2022-01-01
Harrow,February 2022,21540,2022-02-01
Harrow,March 2022,21373,2022-03-01
Harrow,April 2022,21349,2022-04-01
Harrow,May 2022,21266,2022-05-01
Harrow,June 2022,21192,2022-06-01
Harrow,July 2022,21138,2022-07-01
Harrow,August 2022,21129,2022-08-01
Harrow,September 2022,21211,2022-09-01
Harrow,October 2022,21294,2022-10-01
Harrow,November 2022,21348,2022-11-01
Harrow,December 2022,21450,2022-12-01
Harrow,January 2023,21537,2023-01-01
Harrow,February 2023,21466,2023-02-01
Harrow,March 2023,21418,2023-03-01
Harrow,April 2023,21556,2023-04-01
Harrow,May 2023,21627,2023-05-01
Harrow,June 2023,21852,2023-06-01
Harrow,July 2023,22042,2023-07-01
Harrow,August 2023,22180,2023-08-01
Harrow,September 2023,22138,2023-09-01
Harrow,October 2023,22318,2023-10-01
Harrow,November 2023,22567,2023-11-01
Harrow,December 2023,22965,2023-12-01
Havering,January 2020,8727,2020-01-01
Havering,February 2020,9233,2020-02-01
Havering,March 2020,9649,2020-03-01
Havering,April 2020,15051,2020-04-01
Havering,May 2020,20024,2020-05-01
Havering,June 2020,20641,2020-06-01
Havering,July 2020,20825,2020-07-01
Havering,August 2020,20765,2020-08-01
Havering,September 2020,21078,2020-09-01
Havering,October 2020,21224,2020-10-01
Havering,November 2020,21419,2020-11-01
Havering,December 2020,21909,2020-12-01
Havering,January 2021,22090,2021-01-01
Havering,February 2021,22258,2021-02-01
Havering,March 2021,22379,2021-03-01
Havering,April 2021,22278,2021-04-01
Havering,May 2021,21993,2021-05-01
Havering,June 2021,21782,2021-06-01
Havering,July 2021,21484,2021-07-01
Havering,August 2021,21312,2021-08-01
Havering,September 2021,21054,2021-09-01
Havering,October 2021,20908,2021-10-01
Havering,November 2021,20681,2021-11-01
Havering,December 2021,20574,2021-12-01
Havering,January 2022,20054,2022-01-01
Havering,February 2022,19972,2022-02-01
Havering,March 2022,19745,2022-03-01
Havering,April 2022,19802,2022-04-01
Havering,May 2022,19801,2022-05-01
Havering,June 2022,19925,2022-06-01
Havering,July 2022,20101,2022-07-01
Havering,August 2022,20238,2022-08-01
Havering,September 2022,20345,2022-09-01
Havering,October 2022,20617,2022-10-01
Havering,November 2022,20756,2022-11-01
Havering,December 2022,20805,2022-12-01
Havering,January 2023,20866,2023-01-01
Havering,February 2023,21005,2023-02-01
Havering,March 2023,21139,2023-03-01
Havering,April 2023,21376,2023-04-01
Havering,May 2023,21498,2023-05-01
Havering,June 2023,21716,2023-06-01
Havering,July 2023,21800,2023-07-01
Havering,August 2023,22162,2023-08-01
Havering,September 2023,22537,2023-09-01
Havering,October 2023,22843,2023-10-01
Havering,November 2023,23017,2023-11-01
Havering,December 2023,23377,2023-12-01
Hillingdon,January 2020,10059,2020-01-01
Hillingdon,February 2020,10799,2020-02-01
Hillingdon,March 2020,11427,2020-03-01
Hillingdon,April 2020,15897,2020-04-01
Hillingdon,May 2020,23967,2020-05-01
Hillingdon,June 2020,25493,2020-06-01
Hillingdon,July 2020,26138,2020-07-01
Hillingdon,August 2020,26502,2020-08-01
Hillingdon,September 2020,27256,2020-09-01
Hillingdon,October 2020,27882,2020-10-01
Hillingdon,November 2020,28670,2020-11-01
Hillingdon,December 2020,29479,2020-12-01
Hillingdon,January 2021,29851,2021-01-01
Hillingdon,February 2021,30309,2021-02-01
Hillingdon,March 2021,30513,2021-03-01
Hillingdon,April 2021,30406,2021-04-01
Hillingdon,May 2021,30353,2021-05-01
Hillingdon,June 2021,30191,2021-06-01
Hillingdon,July 2021,29850,2021-07-01
Hillingdon,August 2021,29711,2021-08-01
Hillingdon,September 2021,29534,2021-09-01
Hillingdon,October 2021,29275,2021-10-01
Hillingdon,November 2021,28845,2021-11-01
Hillingdon,December 2021,28188,2021-12-01
Hillingdon,January 2022,27800,2022-01-01
Hillingdon,February 2022,27726,2022-02-01
Hillingdon,March 2022,27432,2022-03-01
Hillingdon,April 2022,27397,2022-04-01
Hillingdon,May 2022,27339,2022-05-01
Hillingdon,June 2022,27391,2022-06-01
Hillingdon,July 2022,27419,2022-07-01
Hillingdon,August 2022,27595,2022-08-01
Hillingdon,September 2022,27653,2022-09-01
Hillingdon,October 2022,27828,2022-10-01
Hillingdon,November 2022,27951,2022-11-01
Hillingdon,December 2022,28187,2022-12-01
Hillingdon,January 2023,28183,2023-01-01
Hillingdon,February 2023,28418,2023-02-01
Hillingdon,March 2023,28470,2023-03-01
Hillingdon,April 2023,28649,2023-04-01
Hillingdon,May 2023,28760,2023-05-01
Hillingdon,June 2023,28943,2023-06-01
Hillingdon,July 2023,29180,2023-07-01
Hillingdon,August 2023,29325,2023-08-01
Hillingdon,September 2023,29611,2023-09-01
Hillingdon,October 2023,29983,2023-10-01
Hillingdon,November 2023,30260,2023-11-01
Hillingdon,December 2023,30747,2023-12-01
Hounslow,January 2020,19556,2020-01-01
Hounslow,February 2020,19942,2020-02-01
Hounslow,March 2020,20335,2020-03-01
Hounslow,April 2020,24899,2020-04-01
Hounslow,May 2020,32883,2020-05-01
Hounslow,June 2020,34626,2020-06-01
Hounslow,July 2020,35506,2020-07-01
Hounslow,August 2020,36136,2020-08-01
Hounslow,September 2020,36897,2020-09-01
Hounslow,October 2020,37471,2020-10-01
Hounslow,November 2020,38450,2020-11-01
Hounslow,December 2020,39193,2020-12-01
Hounslow,January 2021,39515,2021-01-01
Hounslow,February 2021,39957,2021-02-01
Hounslow,March 2021,40093,2021-03-01
Hounslow,April 2021,39989,2021-04-01
Hounslow,May 2021,39825,2021-05-01
Hounslow,June 2021,39485,2021-06-01
Hounslow,July 2021,39074,2021-07-01
Hounslow,August 2021,38634,2021-08-01
Hounslow,September 2021,38234,2021-09-01
Hounslow,October 2021,37779,2021-10-01
Hounslow,November 2021,37331,2021-11-01
Hounslow,December 2021,36772,2021-12-01
Hounslow,January 2022,36348,2022-01-01
Hounslow,February 2022,36151,2022-02-01
Hounslow,March 2022,35830,2022-03-01
Hounslow,April 2022,35707,2022-04-01
Hounslow,May 2022,35589,2022-05-01
Hounslow,June 2022,35592,2022-06-01
Hounslow,July 2022,35752,2022-07-01
Hounslow,August 2022,35889,2022-08-01
Hounslow,September 2022,35925,2022-09-01
Hounslow,October 2022,36045,2022-10-01
Hounslow,November 2022,36045,2022-11-01
Hounslow,December 2022,36130,2022-12-01
Hounslow,January 2023,36186,2023-01-01
Hounslow,February 2023,36397,2023-02-01
Hounslow,March 2023,36387,2023-03-01
Hounslow,April 2023,36552,2023-04-01
Hounslow,May 2023,36669,2023-05-01
Hounslow,June 2023,36831,2023-06-01
Hounslow,July 2023,36973,2023-07-01
Hounslow,August 2023,37056,2023-08-01
Hounslow,September 2023,37330,2023-09-01
Hounslow,October 2023,37664,2023-10-01
Hounslow,November 2023,37971,2023-11-01
Hounslow,December 2023,38494,2023-12-01
Kingston upon Thames,January 2020,4672,2020-01-01
Kingston upon Thames,February 2020,4947,2020-02-01
Kingston upon Thames,March 2020,5109,2020-03-01
Kingston upon Thames,April 2020,6609,2020-04-01
Kingston upon Thames,May 2020,10451,2020-05-01
Kingston upon Thames,June 2020,11008,2020-06-01
Kingston upon Thames,July 2020,11243,2020-07-01
Kingston upon Thames,August 2020,11359,2020-08-01
Kingston upon Thames,September 2020,11532,2020-09-01
Kingston upon Thames,October 2020,11646,2020-10-01
Kingston upon Thames,November 2020,11883,2020-11-01
Kingston upon Thames,December 2020,12082,2020-12-01
Kingston upon Thames,January 2021,12148,2021-01-01
Kingston upon Thames,February 2021,12226,2021-02-01
Kingston upon Thames,March 2021,12261,2021-03-01
Kingston upon Thames,April 2021,12186,2021-04-01
Kingston upon Thames,May 2021,11988,2021-05-01
Kingston upon Thames,June 2021,11722,2021-06-01
Kingston upon Thames,July 2021,11461,2021-07-01
Kingston upon Thames,August 2021,11298,2021-08-01
Kingston upon Thames,September 2021,11095,2021-09-01
Kingston upon Thames,October 2021,10967,2021-10-01
Kingston upon Thames,November 2021,10796,2021-11-01
Kingston upon Thames,December 2021,10666,2021-12-01
Kingston upon Thames,January 2022,10584,2022-01-01
Kingston upon Thames,February 2022,10518,2022-02-01
Kingston upon Thames,March 2022,10451,2022-03-01
Kingston upon Thames,April 2022,10399,2022-04-01
Kingston upon Thames,May 2022,10380,2022-05-01
Kingston upon Thames,June 2022,10433,2022-06-01
Kingston upon Thames,July 2022,10541,2022-07-01
Kingston upon Thames,August 2022,10615,2022-08-01
Kingston upon Thames,September 2022,10618,2022-09-01
Kingston upon Thames,October 2022,10670,2022-10-01
Kingston upon Thames,November 2022,10732,2022-11-01
Kingston upon Thames,December 2022,10786,2022-12-01
Kingston upon Thames,January 2023,10826,2023-01-01
Kingston upon Thames,February 2023,10864,2023-02-01
Kingston upon Thames,March 2023,10906,2023-03-01
Kingston upon Thames,April 2023,11007,2023-04-01
Kingston upon Thames,May 2023,11020,2023-05-01
Kingston upon Thames,June 2023,11053,2023-06-01
Kingston upon Thames,July 2023,11162,2023-07-01
Kingston upon Thames,August 2023,11167,2023-08-01
Kingston upon Thames,September 2023,11234,2023-09-01
Kingston upon Thames,October 2023,11330,2023-10-01
Kingston upon Thames,November 2023,11409,2023-11-01
Kingston upon Thames,December 2023,11635,2023-12-01
Camden,January 2020,7347,2020-01-01
Camden,February 2020,7750,2020-02-01
Camden,March 2020,8033,2020-03-01
Camden,April 2020,11416,2020-04-01
Camden,May 2020,16099,2020-05-01
Camden,June 2020,17043,2020-06-01
Camden,July 2020,17467,2020-07-01
Camden,August 2020,17755,2020-08-01
Camden,September 2020,18111,2020-09-01
Camden,October 2020,18431,2020-10-01
Camden,November 2020,19118,2020-11-01
Camden,December 2020,19705,2020-12-01
Camden,January 2021,19893,2021-01-01
Camden,February 2021,20252,2021-02-01
Camden,March 2021,20503,2021-03-01
Camden,April 2021,20492,2021-04-01
Camden,May 2021,20443,2021-05-01
Camden,June 2021,20276,2021-06-01
Camden,July 2021,20188,2021-07-01
Camden,August 2021,19925,2021-08-01
Camden,September 2021,19736,2021-09-01
Camden,October 2021,19879,2021-10-01
Camden,November 2021,20097,2021-11-01
Camden,December 2021,19849,2021-12-01
Camden,January 2022,19614,2022-01-01
Camden,February 2022,19475,2022-02-01
Camden,March 2022,19194,2022-03-01
Camden,April 2022,19058,2022-04-01
Camden,May 2022,19041,2022-05-01
Camden,June 2022,19041,2022-06-01
Camden,July 2022,19158,2022-07-01
Camden,August 2022,19207,2022-08-01
Camden,September 2022,19306,2022-09-01
Camden,October 2022,19457,2022-10-01
Camden,November 2022,19437,2022-11-01
Camden,December 2022,19401,2022-12-01
Camden,January 2023,19403,2023-01-01
Camden,February 2023,19458,2023-02-01
Camden,March 2023,19458,2023-03-01
Camden,April 2023,19661,2023-04-01
Camden,May 2023,19795,2023-05-01
Camden,June 2023,19808,2023-06-01
Camden,July 2023,19911,2023-07-01
Camden,August 2023,20074,2023-08-01
Camden,September 2023,20248,2023-09-01
Camden,October 2023,20476,2023-10-01
Camden,November 2023,20697,2023-11-01
Camden,December 2023,21116,2023-12-01
City of London,January 2020,151,2020-01-01
City of London,February 2020,160,2020-02-01
City of London,March 2020,163,2020-03-01
City of London,April 2020,244,2020-04-01
City of London,May 2020,348,2020-05-01
City of London,June 2020,352,2020-06-01
City of London,July 2020,357,2020-07-01
City of London,August 2020,377,2020-08-01
City of London,September 2020,387,2020-09-01
City of London,October 2020,408,2020-10-01
City of London,November 2020,423,2020-11-01
City of London,December 2020,447,2020-12-01
City of London,January 2021,460,2021-01-01
City of London,February 2021,463,2021-02-01
City of London,March 2021,472,2021-03-01
City of London,April 2021,461,2021-04-01
City of London,May 2021,487,2021-05-01
City of London,June 2021,495,2021-06-01
City of London,July 2021,483,2021-07-01
City of London,August 2021,468,2021-08-01
City of London,September 2021,452,2021-09-01
City of London,October 2021,534,2021-10-01
City of London,November 2021,621,2021-11-01
City of London,December 2021,623,2021-12-01
City of London,January 2022,602,2022-01-01
City of London,February 2022,612,2022-02-01
City of London,March 2022,615,2022-03-01
City of London,April 2022,604,2022-04-01
City of London,May 2022,599,2022-05-01
City of London,June 2022,581,2022-06-01
City of London,July 2022,589,2022-07-01
City of London,August 2022,565,2022-08-01
City of London,September 2022,545,2022-09-01
City of London,October 2022,514,2022-10-01
City of London,November 2022,494,2022-11-01
City of London,December 2022,484,2022-12-01
City of London,January 2023,476,2023-01-01
City of London,February 2023,459,2023-02-01
City of London,March 2023,436,2023-03-01
City of London,April 2023,442,2023-04-01
City of London,May 2023,450,2023-05-01
City of London,June 2023,442,2023-06-01
City of London,July 2023,469,2023-07-01
City of London,August 2023,478,2023-08-01
City of London,September 2023,470,2023-09-01
City of London,October 2023,467,2023-10-01
City of London,November 2023,441,2023-11-01
City of London,December 2023,453,2023-12-01
Hackney,January 2020,12395,2020-01-01
Hackney,February 2020,13125,2020-02-01
Hackney,March 2020,13703,2020-03-01
Hackney,April 2020,18781,2020-04-01
Hackney,May 2020,27746,2020-05-01
Hackney,June 2020,29079,2020-06-01
Hackney,July 2020,30000,2020-07-01
Hackney,August 2020,30610,2020-08-01
Hackney,September 2020,31280,2020-09-01
Hackney,October 2020,31788,2020-10-01
Hackney,November 2020,32728,2020-11-01
Hackney,December 2020,33653,2020-12-01
Hackney,January 2021,34106,2021-01-01
Hackney,February 2021,34580,2021-02-01
Hackney,March 2021,34867,2021-03-01
Hackney,April 2021,35088,2021-04-01
Hackney,May 2021,35189,2021-05-01
Hackney,June 2021,34678,2021-06-01
Hackney,July 2021,34486,2021-07-01
Hackney,August 2021,34161,2021-08-01
Hackney,September 2021,33734,2021-09-01
Hackney,October 2021,33300,2021-10-01
Hackney,November 2021,33063,2021-11-01
Hackney,December 2021,32777,2021-12-01
Hackney,January 2022,32364,2022-01-01
Hackney,February 2022,32198,2022-02-01
Hackney,March 2022,31920,2022-03-01
Hackney,April 2022,31873,2022-04-01
Hackney,May 2022,31715,2022-05-01
Hackney,June 2022,31923,2022-06-01
Hackney,July 2022,32090,2022-07-01
Hackney,August 2022,31965,2022-08-01
Hackney,September 2022,32073,2022-09-01
Hackney,October 2022,32290,2022-10-01
Hackney,November 2022,32420,2022-11-01
Hackney,December 2022,32515,2022-12-01
Hackney,January 2023,32691,2023-01-01
Hackney,February 2023,32756,2023-02-01
Hackney,March 2023,32828,2023-03-01
Hackney,April 2023,33108,2023-04-01
Hackney,May 2023,33394,2023-05-01
Hackney,June 2023,33763,2023-06-01
Hackney,July 2023,34297,2023-07-01
Hackney,August 2023,34430,2023-08-01
Hackney,September 2023,34960,2023-09-01
Hackney,October 2023,35434,2023-10-01
Hackney,November 2023,35929,2023-11-01
Hackney,December 2023,36605,2023-12-01
Hammersmith and Fulham,January 2020,10309,2020-01-01
Hammersmith and Fulham,February 2020,10591,2020-02-01
Hammersmith and Fulham,March 2020,10717,2020-03-01
Hammersmith and Fulham,April 2020,12897,2020-04-01
Hammersmith and Fulham,May 2020,17980,2020-05-01
Hammersmith and Fulham,June 2020,18893,2020-06-01
Hammersmith and Fulham,July 2020,19272,2020-07-01
Hammersmith and Fulham,August 2020,19546,2020-08-01
Hammersmith and Fulham,September 2020,19950,2020-09-01
Hammersmith and Fulham,October 2020,20225,2020-10-01
Hammersmith and Fulham,November 2020,20986,2020-11-01
Hammersmith and Fulham,December 2020,21394,2020-12-01
Hammersmith and Fulham,January 2021,21516,2021-01-01
Hammersmith and Fulham,February 2021,21809,2021-02-01
Hammersmith and Fulham,March 2021,21907,2021-03-01
Hammersmith and Fulham,April 2021,21876,2021-04-01
Hammersmith and Fulham,May 2021,21842,2021-05-01
Hammersmith and Fulham,June 2021,21626,2021-06-01
Hammersmith and Fulham,July 2021,21301,2021-07-01
Hammersmith and Fulham,August 2021,21137,2021-08-01
Hammersmith and Fulham,September 2021,20905,2021-09-01
Hammersmith and Fulham,October 2021,20716,2021-10-01
Hammersmith and Fulham,November 2021,20450,2021-11-01
Hammersmith and Fulham,December 2021,20109,2021-12-01
Hammersmith and Fulham,January 2022,19770,2022-01-01
Hammersmith and Fulham,February 2022,19595,2022-02-01
Hammersmith and Fulham,March 2022,19376,2022-03-01
Hammersmith and Fulham,April 2022,19237,2022-04-01
Hammersmith and Fulham,May 2022,19109,2022-05-01
Hammersmith and Fulham,June 2022,19092,2022-06-01
Hammersmith and Fulham,July 2022,19122,2022-07-01
Hammersmith and Fulham,August 2022,19007,2022-08-01
Hammersmith and Fulham,September 2022,18951,2022-09-01
Hammersmith and Fulham,October 2022,18978,2022-10-01
Hammersmith and Fulham,November 2022,18953,2022-11-01
Hammersmith and Fulham,December 2022,18925,2022-12-01
Hammersmith and Fulham,January 2023,18899,2023-01-01
Hammersmith and Fulham,February 2023,18891,2023-02-01
Hammersmith and Fulham,March 2023,18865,2023-03-01
Hammersmith and Fulham,April 2023,18881,2023-04-01
Hammersmith and Fulham,May 2023,18973,2023-05-01
Hammersmith and Fulham,June 2023,19049,2023-06-01
Hammersmith and Fulham,July 2023,19120,2023-07-01
Hammersmith and Fulham,August 2023,19130,2023-08-01
Hammersmith and Fulham,September 2023,19213,2023-09-01
Hammersmith and Fulham,October 2023,19364,2023-10-01
Hammersmith and Fulham,November 2023,19583,2023-11-01
Hammersmith and Fulham,December 2023,19942,2023-12-01
Merton,January 2020,8641,2020-01-01
Merton,February 2020,8964,2020-02-01
Merton,March 2020,9204,2020-03-01
Merton,April 2020,12613,2020-04-01
Merton,May 2020,17986,2020-05-01
Merton,June 2020,18897,2020-06-01
Merton,July 2020,19232,2020-07-01
Merton,August 2020,19488,2020-08-01
Merton,September 2020,19823,2020-09-01
Merton,October 2020,20107,2020-10-01
Merton,November 2020,20624,2020-11-01
Merton,December 2020,21046,2020-12-01
Merton,January 2021,21135,2021-01-01
Merton,February 2021,21186,2021-02-01
Merton,March 2021,21105,2021-03-01
Merton,April 2021,21038,2021-04-01
Merton,May 2021,20860,2021-05-01
Merton,June 2021,20600,2021-06-01
Merton,July 2021,20355,2021-07-01
Merton,August 2021,20003,2021-08-01
Merton,September 2021,19707,2021-09-01
Merton,October 2021,19431,2021-10-01
Merton,November 2021,19264,2021-11-01
Merton,December 2021,19026,2021-12-01
Merton,January 2022,18593,2022-01-01
Merton,February 2022,18566,2022-02-01
Merton,March 2022,18504,2022-03-01
Merton,April 2022,18443,2022-04-01
Merton,May 2022,18381,2022-05-01
Merton,June 2022,18297,2022-06-01
Merton,July 2022,18392,2022-07-01
Merton,August 2022,18372,2022-08-01
Merton,September 2022,18427,2022-09-01
Merton,October 2022,18585,2022-10-01
Merton,November 2022,18586,2022-11-01
Merton,December 2022,18648,2022-12-01
Merton,January 2023,18564,2023-01-01
Merton,February 2023,18633,2023-02-01
Merton,March 2023,18572,2023-03-01
Merton,April 2023,18709,2023-04-01
Merton,May 2023,18753,2023-05-01
Merton,June 2023,18896,2023-06-01
Merton,July 2023,18995,2023-07-01
Merton,August 2023,19044,2023-08-01
Merton,September 2023,19133,2023-09-01
Merton,October 2023,19316,2023-10-01
Merton,November 2023,19512,2023-11-01
Merton,December 2023,19903,2023-12-01
Redbridge,January 2020,11627,2020-01-01
Redbridge,February 2020,12343,2020-02-01
Redbridge,March 2020,12924,2020-03-01
Redbridge,April 2020,19690,2020-04-01
Redbridge,May 2020,27125,2020-05-01
Redbridge,June 2020,28961,2020-06-01
Redbridge,July 2020,29558,2020-07-01
Redbridge,August 2020,29855,2020-08-01
Redbridge,September 2020,30347,2020-09-01
Redbridge,October 2020,30941,2020-10-01
Redbridge,November 2020,32184,2020-11-01
Redbridge,December 2020,32992,2020-12-01
Redbridge,January 2021,33175,2021-01-01
Redbridge,February 2021,33493,2021-02-01
Redbridge,March 2021,33740,2021-03-01
Redbridge,April 2021,33781,2021-04-01
Redbridge,May 2021,33917,2021-05-01
Redbridge,June 2021,33925,2021-06-01
Redbridge,July 2021,33742,2021-07-01
Redbridge,August 2021,33488,2021-08-01
Redbridge,September 2021,33087,2021-09-01
Redbridge,October 2021,32929,2021-10-01
Redbridge,November 2021,32541,2021-11-01
Redbridge,December 2021,31660,2021-12-01
Redbridge,January 2022,30969,2022-01-01
Redbridge,February 2022,30767,2022-02-01
Redbridge,March 2022,30256,2022-03-01
Redbridge,April 2022,29935,2022-04-01
Redbridge,May 2022,29756,2022-05-01
Redbridge,June 2022,29712,2022-06-01
Redbridge,July 2022,29886,2022-07-01
Redbridge,August 2022,30023,2022-08-01
Redbridge,September 2022,30133,2022-09-01
Redbridge,October 2022,30323,2022-10-01
Redbridge,November 2022,30390,2022-11-01
Redbridge,December 2022,30461,2022-12-01
Redbridge,January 2023,30560,2023-01-01
Redbridge,February 2023,30615,2023-02-01
Redbridge,March 2023,30655,2023-03-01
Redbridge,April 2023,30945,2023-04-01
Redbridge,May 2023,31006,2023-05-01
Redbridge,June 2023,31259,2023-06-01
Redbridge,July 2023,31493,2023-07-01
Redbridge,August 2023,31784,2023-08-01
Redbridge,September 2023,32087,2023-09-01
Redbridge,October 2023,32297,2023-10-01
Redbridge,November 2023,32375,2023-11-01
Redbridge,December 2023,33005,2023-12-01
Richmond upon Thames,January 2020,4349,2020-01-01
Richmond upon Thames,February 2020,4537,2020-02-01
Richmond upon Thames,March 2020,4717,2020-03-01
Richmond upon Thames,April 2020,6606,2020-04-01
Richmond upon Thames,May 2020,9415,2020-05-01
Richmond upon Thames,June 2020,9840,2020-06-01
Richmond upon Thames,July 2020,10138,2020-07-01
Richmond upon Thames,August 2020,10295,2020-08-01
Richmond upon Thames,September 2020,10503,2020-09-01
Richmond upon Thames,October 2020,10553,2020-10-01
Richmond upon Thames,November 2020,10697,2020-11-01
Richmond upon Thames,December 2020,10917,2020-12-01
Richmond upon Thames,January 2021,10970,2021-01-01
Richmond upon Thames,February 2021,11027,2021-02-01
Richmond upon Thames,March 2021,11074,2021-03-01
Richmond upon Thames,April 2021,11016,2021-04-01
Richmond upon Thames,May 2021,10985,2021-05-01
Richmond upon Thames,June 2021,10889,2021-06-01
Richmond upon Thames,July 2021,10717,2021-07-01
Richmond upon Thames,August 2021,10588,2021-08-01
Richmond upon Thames,September 2021,10389,2021-09-01
Richmond upon Thames,October 2021,10210,2021-10-01
Richmond upon Thames,November 2021,10060,2021-11-01
Richmond upon Thames,December 2021,9851,2021-12-01
Richmond upon Thames,January 2022,9704,2022-01-01
Richmond upon Thames,February 2022,9664,2022-02-01
Richmond upon Thames,March 2022,9583,2022-03-01
Richmond upon Thames,April 2022,9542,2022-04-01
Richmond upon Thames,May 2022,9476,2022-05-01
Richmond upon Thames,June 2022,9480,2022-06-01
Richmond upon Thames,July 2022,9557,2022-07-01
Richmond upon Thames,August 2022,9602,2022-08-01
Richmond upon Thames,September 2022,9618,2022-09-01
Richmond upon Thames,October 2022,9666,2022-10-01
Richmond upon Thames,November 2022,9751,2022-11-01
Richmond upon Thames,December 2022,9731,2022-12-01
Richmond upon Thames,January 2023,9683,2023-01-01
Richmond upon Thames,February 2023,9706,2023-02-01
Richmond upon Thames,March 2023,9739,2023-03-01
Richmond upon Thames,April 2023,9769,2023-04-01
Richmond upon Thames,May 2023,9769,2023-05-01
Richmond upon Thames,June 2023,9807,2023-06-01
Richmond upon Thames,July 2023,9840,2023-07-01
Richmond upon Thames,August 2023,9861,2023-08-01
Richmond upon Thames,September 2023,9830,2023-09-01
Richmond upon Thames,October 2023,9894,2023-10-01
Richmond upon Thames,November 2023,9974,2023-11-01
Richmond upon Thames,December 2023,10120,2023-12-01
Sutton,January 2020,10391,2020-01-01
Sutton,February 2020,10672,2020-02-01
Sutton,March 2020,10874,2020-03-01
Sutton,April 2020,13924,2020-04-01
Sutton,May 2020,17842,2020-05-01
Sutton,June 2020,18236,2020-06-01
Sutton,July 2020,18363,2020-07-01
Sutton,August 2020,18410,2020-08-01
Sutton,September 2020,18697,2020-09-01
Sutton,October 2020,18719,2020-10-01
Sutton,November 2020,18955,2020-11-01
Sutton,December 2020,19209,2020-12-01
Sutton,January 2021,19262,2021-01-01
Sutton,February 2021,19334,2021-02-01
Sutton,March 2021,19380,2021-03-01
Sutton,April 2021,19233,2021-04-01
Sutton,May 2021,18970,2021-05-01
Sutton,June 2021,18793,2021-06-01
Sutton,July 2021,18523,2021-07-01
Sutton,August 2021,18322,2021-08-01
Sutton,September 2021,18125,2021-09-01
Sutton,October 2021,17875,2021-10-01
Sutton,November 2021,17634,2021-11-01
Sutton,December 2021,17384,2021-12-01
Sutton,January 2022,17135,2022-01-01
Sutton,February 2022,17004,2022-02-01
Sutton,March 2022,16841,2022-03-01
Sutton,April 2022,16738,2022-04-01
Sutton,May 2022,16758,2022-05-01
Sutton,June 2022,16814,2022-06-01
Sutton,July 2022,16984,2022-07-01
Sutton,August 2022,16998,2022-08-01
Sutton,September 2022,17046,2022-09-01
Sutton,October 2022,17090,2022-10-01
Sutton,November 2022,17117,2022-11-01
Sutton,December 2022,17233,2022-12-01
Sutton,January 2023,17241,2023-01-01
Sutton,February 2023,17251,2023-02-01
Sutton,March 2023,17260,2023-03-01
Sutton,April 2023,17307,2023-04-01
Sutton,May 2023,17334,2023-05-01
Sutton,June 2023,17379,2023-06-01
Sutton,July 2023,17393,2023-07-01
Sutton,August 2023,17343,2023-08-01
Sutton,September 2023,17431,2023-09-01
Sutton,October 2023,17525,2023-10-01
Sutton,November 2023,17621,2023-11-01
Sutton,December 2023,17974,2023-12-01
Waltham Forest,January 2020,12136,2020-01-01
Waltham Forest,February 2020,12819,2020-02-01
Waltham Forest,March 2020,13241,2020-03-01
Waltham Forest,April 2020,20521,2020-04-01
Waltham Forest,May 2020,29376,2020-05-01
Waltham Forest,June 2020,30987,2020-06-01
Waltham Forest,July 2020,31769,2020-07-01
Waltham Forest,August 2020,32259,2020-08-01
Waltham Forest,September 2020,32987,2020-09-01
Waltham Forest,October 2020,33539,2020-10-01
Waltham Forest,November 2020,34825,2020-11-01
Waltham Forest,December 2020,35836,2020-12-01
Waltham Forest,January 2021,36165,2021-01-01
Waltham Forest,February 2021,36590,2021-02-01
Waltham Forest,March 2021,37001,2021-03-01
Waltham Forest,April 2021,36879,2021-04-01
Waltham Forest,May 2021,36622,2021-05-01
Waltham Forest,June 2021,36019,2021-06-01
Waltham Forest,July 2021,35512,2021-07-01
Waltham Forest,August 2021,35057,2021-08-01
Waltham Forest,September 2021,34464,2021-09-01
Waltham Forest,October 2021,33953,2021-10-01
Waltham Forest,November 2021,33421,2021-11-01
Waltham Forest,December 2021,32826,2021-12-01
Waltham Forest,January 2022,32066,2022-01-01
Waltham Forest,February 2022,31940,2022-02-01
Waltham Forest,March 2022,31646,2022-03-01
Waltham Forest,April 2022,31426,2022-04-01
Waltham Forest,May 2022,31331,2022-05-01
Waltham Forest,June 2022,31293,2022-06-01
Waltham Forest,July 2022,31322,2022-07-01
Waltham Forest,August 2022,31414,2022-08-01
Waltham Forest,September 2022,31416,2022-09-01
Waltham Forest,October 2022,31721,2022-10-01
Waltham Forest,November 2022,31818,2022-11-01
Waltham Forest,December 2022,31748,2022-12-01
Waltham Forest,January 2023,31786,2023-01-01
Waltham Forest,February 2023,31964,2023-02-01
Waltham Forest,March 2023,32026,2023-03-01
Waltham Forest,April 2023,32386,2023-04-01
Waltham Forest,May 2023,32533,2023-05-01
Waltham Forest,June 2023,32714,2023-06-01
Waltham Forest,July 2023,33094,2023-07-01
Waltham Forest,August 2023,33308,2023-08-01
Waltham Forest,September 2023,33545,2023-09-01
Waltham Forest,October 2023,33902,2023-10-01
Waltham Forest,November 2023,34147,2023-11-01
Waltham Forest,December 2023,34865,2023-12-01
Total,January 2020,399177,2020-01-01
Total,February 2020,418280,2020-02-01
Total,March 2020,432488,2020-03-01
Total,April 2020,576043,2020-04-01
Total,May 2020,822360,2020-05-01
Total,June 2020,867746,2020-06-01
Total,July 2020,888554,2020-07-01
Total,August 2020,902370,2020-08-01
Total,September 2020,922509,2020-09-01
Total,October 2020,937680,2020-10-01
Total,November 2020,968489,2020-11-01
Total,December 2020,991625,2020-12-01
Total,January 2021,1000199,2021-01-01
Total,February 2021,1011749,2021-02-01
Total,March 2021,1018628,2021-03-01
Total,April 2021,1018079,2021-04-01
Total,May 2021,1015321,2021-05-01
Total,June 2021,1007347,2021-06-01
Total,July 2021,999406,2021-07-01
Total,August 2021,991707,2021-08-01
Total,September 2021,979257,2021-09-01
Total,October 2021,969292,2021-10-01
Total,November 2021,959011,2021-11-01
Total,December 2021,945434,2021-12-01
Total,January 2022,930340,2022-01-01
Total,February 2022,925528,2022-02-01
Total,March 2022,916746,2022-03-01
Total,April 2022,914000,2022-04-01
Total,May 2022,911170,2022-05-01
Total,June 2022,912084,2022-06-01
Total,July 2022,916389,2022-07-01
Total,August 2022,918333,2022-08-01
Total,September 2022,919278,2022-09-01
Total,October 2022,924851,2022-10-01
Total,November 2022,927101,2022-11-01
Total,December 2022,928495,2022-12-01
Total,January 2023,928788,2023-01-01
Total,February 2023,932745,2023-02-01
Total,March 2023,933991,2023-03-01
Total,April 2023,940276,2023-04-01
Total,May 2023,944813,2023-05-01
Total,June 2023,950888,2023-06-01
Total,July 2023,958541,2023-07-01
Total,August 2023,962971,2023-08-01
Total,September 2023,970018,2023-09-01
Total,October 2023,980075,2023-10-01
Total,November 2023,990323,2023-11-01
Total,December 2023,1010880,2023-12-01
